transaction_id,listing_id,sale_date,sale_price,buyer_name,seller_name
T01,L1142,2024-02-12,80991201,Michael Coleman,Alison Brown
T02,L1264,2024-02-12,93318903,Latoya Romero,Amy Wong
T03,L1444,2024-02-12,68711687,Christopher Morris,Michael Miller
T04,L165,2024-02-12,27588727,Jessica Rodriguez,Jane Wood
T05,L326,2024-02-12,70525788,Aaron Mcguire,Stephanie Miller
T06,L1385,2024-02-12,23903948,Jay Camacho,Jacob Wilkerson
T07,L455,2024-02-12,65511405,Glenn Hernandez,Cynthia Mitchell
T08,L1204,2024-02-12,35502429,Ryan Sanders,Ian Wallace
T09,L952,2024-02-12,84710884,Lisa Strickland,David Townsend
T10,L1174,2024-02-12,50238251,Christian Frazier,Wendy Berry
T11,L124,2024-02-12,15526374,Tony Marks,William Diaz
T12,L942,2024-02-12,67999540,Leslie Mcdonald,Julie Horn
T13,L1895,2024-02-12,32812362,Amy Price,James Smith
T14,L1849,2024-02-12,41408950,Amber Jackson,Jeffery Mckinney
T15,L341,2024-02-12,89884925,Tonya Collins,Judy Ramirez
T16,L381,2024-02-12,39953913,Crystal Hughes,Mr. Gary Hutchinson
T17,L1149,2024-02-12,43833397,John Williams,Timothy Scott
T18,L694,2024-02-12,108239010,Ann Barrett,Brian Clayton
T19,L1363,2024-02-12,47200812,Madison Jones,Carol Bautista
T20,L1888,2024-02-12,83417318,Mary Hoover,Leslie Gonzales
T21,L1881,2024-02-12,83746589,Laura Moore,Sarah Clark
T22,L173,2024-02-12,53961105,Timothy Howell,Robert Pham
T23,L1743,2024-02-12,109287173,Janice Beard,Derek Bishop
T24,L499,2024-02-12,82608324,Barry Stevenson,Lisa Norton
T25,L282,2024-02-12,80411057,Michelle Marks,Sharon Hensley
T26,L1095,2024-02-12,39979356,Adam Anderson,Natasha Brown
T27,L1818,2024-02-12,41720487,Cheryl Kent,Kathy Chapman
T28,L312,2024-02-12,80770279,Hunter Tyler,Emily Huang PhD
T29,L1953,2024-02-12,84404152,Pamela Williams,Donald Fisher
T30,L338,2024-02-12,70721158,Brittany Powers,Eric Owens
T31,L761,2024-02-12,10316405,Chase Sullivan,Kenneth Park
T32,L867,2024-02-12,55157763,Angelica Scott,Ronald Griffin
T33,L579,2024-02-12,89022193,Maurice Stevenson,Daniel Wilson
T34,L1795,2024-02-12,2423787,Kimberly May,Pamela Curry
T35,L1777,2024-02-12,10997029,Melissa Collins,Donald Mills
T36,L1528,2024-02-12,75396258,Thomas Sheppard,Robin Martin
T37,L1689,2024-02-12,69623376,Alison Jennings,Jillian Clay
T38,L228,2024-02-12,99663599,Christopher Moore,Vincent Mccullough
T39,L1879,2024-02-12,33390747,Angela Moore,Courtney Hansen
T40,L1029,2024-02-12,60004262,Nicholas Olson,Jeffery Mckinney
T41,L991,2024-02-12,70836965,Daniel Bullock,Kelly Tucker
T42,L1950,2024-02-12,64015796,Nina Cannon,Natasha Lawrence
T43,L843,2024-02-12,108253949,Jennifer Reynolds,Brian Campbell
T44,L617,2024-02-12,108012363,Hector Hunter,Angela Watson
T45,L721,2024-02-12,93010088,Colleen Rodriguez,Amy Watkins
T46,L362,2024-02-12,90380633,Julia Price,Tamara Arellano
T47,L536,2024-02-12,11236571,John Bass,Natalie Long
T48,L1192,2024-02-12,95353511,Jeanne Williams,Anne Shields
T49,L1986,2024-02-12,109216707,Kevin Morrison,Kimberly Campos
T50,L1845,2024-02-12,45619086,Linda Cobb,Adam Bailey
T51,L1538,2024-02-12,15792383,Victor Hernandez,Diana King
T52,L1817,2024-02-12,76817236,Mary Davis,Gary Myers
T53,L1765,2024-02-12,17868758,Charles Robertson,Brian Jones
T54,L1446,2024-02-12,65965813,Allison George,Kyle Gilbert
T55,L302,2024-02-12,77314876,Bonnie Mack,Kimberly Brandt
T56,L544,2024-02-12,75583878,Riley Allen,Adam Garcia
T57,L984,2024-02-12,71019018,Jason Bates,Leah White
T58,L995,2024-02-12,108198244,Andrew Knight,Stacy Novak
T59,L434,2024-02-12,35598035,Brandon Garner,Michael Johnson
T60,L1610,2024-02-12,21647469,Thomas Spears,Wayne Boyer
T61,L991,2024-02-12,104553457,Scott Davis,Michelle Johnson
T62,L1950,2024-02-12,4942097,Courtney Brennan,Angela Johnson
T63,L523,2024-02-12,19275495,Brian Morgan,Michelle Palmer
T64,L677,2024-02-12,76490717,Barbara Alvarado,Elizabeth Conrad
T65,L1726,2024-02-12,71845616,Nicole Gonzales,Katherine James
T66,L1528,2024-02-12,45299026,Jamie Nelson,Kevin Walker
T67,L784,2024-02-12,90469288,Douglas Larsen,Victoria Jones
T68,L090,2024-02-12,72227353,Joseph Christensen,Kevin Jimenez
T69,L397,2024-02-12,1312953,Chad Carter,Amy Garza
T70,L137,2024-02-12,94036137,Samuel Vance,Jeffery Frazier
T71,L1380,2024-02-12,72346707,Shelby Calhoun,Matthew Martinez
T72,L1117,2024-02-12,88344608,Sharon Robinson,Ian Rosales
T73,L857,2024-02-12,15203242,Shelia Grant,Ann Malone
T74,L1439,2024-02-12,45505471,Troy Carter,James Freeman
T75,L391,2024-02-12,72145763,Wayne Rodgers,John Parks
T76,L1228,2024-02-12,49976778,Jon Williams,Wayne Moore
T77,L741,2024-02-12,49630241,Angela Fuentes,Edward Murray
T78,L229,2024-02-12,48347591,Kevin Tucker,Steven Griffin
T79,L897,2024-02-12,82902944,Jerome Andrews,Allison Vaughn
T80,L690,2024-02-12,90248278,Robin Velazquez,Julia Mcmahon
T81,L1556,2024-02-12,17852253,Stephen Cook,Bethany Simmons
T82,L987,2024-02-12,50523209,Alexis Savage,Chris Craig
T83,L1559,2024-02-12,54840156,Christine French,Emma Hoffman
T84,L1617,2024-02-12,95935101,Amanda Farrell,Ronnie Franklin
T85,L1439,2024-02-12,102431646,Emily Jackson,Patricia Newton
T86,L490,2024-02-12,61097654,Valerie Jacobs,Gregory Stewart
T87,L1545,2024-02-12,50499567,Jennifer Salazar,Thomas Walsh
T88,L1908,2024-02-12,71140448,Karen Gomez,Jessica Smith DDS
T89,L463,2024-02-12,71912902,Jamie Barber,Emily Scott
T90,L875,2024-02-12,6361316,Toni Moore,Jennifer Sanchez
T91,L1497,2024-02-12,78532575,Lauren Hubbard,Juan Walker
T92,L489,2024-02-12,20322412,Mark Hughes,Heather Hart
T93,L1642,2024-02-12,16641105,Matthew Hunter,James Davis
T94,L493,2024-02-12,26240760,Stephanie Cox,Anita Baldwin
T95,L921,2024-02-12,89421632,Tammy Thompson,Gregory Boyer
T96,L789,2024-02-12,88654898,Kristen Roberts,Andrew Miller
T97,L750,2024-02-12,43913305,Theodore Coleman,Cynthia Murphy
T98,L840,2024-02-12,44783956,Kelly Carroll,William Barton
T99,L159,2024-02-12,52495835,Meghan Carpenter,Timothy Smith
T100,L1525,2024-02-12,6450792,Erica Massey,Timothy Hernandez
T101,L1569,2024-02-12,90011858,Angela Park,Christina Fisher
T102,L943,2024-02-12,51087169,Jerry Faulkner,Connie Gonzales
T103,L1726,2024-02-12,40258439,Brandon Castillo,Christopher Young
T104,L014,2024-02-12,69123962,Brent Brown,Dennis Thompson
T105,L1491,2024-02-12,85560687,Brenda Bennett,Phillip Orr
T106,L400,2024-02-12,23120828,Erin Johnson,Paul Warner
T107,L843,2024-02-12,60319876,Ashley Cook,Amber Moran
T108,L644,2024-02-12,5822622,Julian Love,Mercedes Jackson
T109,L440,2024-02-12,24247817,Peggy Bell,Kevin Alvarez
T110,L938,2024-02-12,46453081,Scott Graves,Howard Schneider
T111,L361,2024-02-12,53775338,Amy Anthony,Kristina Sweeney
T112,L1058,2024-02-12,84915984,Bradley Gonzalez,Angel White
T113,L347,2024-02-12,10467509,Christopher Thomas,Gary Hernandez
T114,L459,2024-02-12,10456428,Carl Valenzuela,Taylor Duran
T115,L729,2024-02-12,63307635,Jennifer Williams,Jeremiah Lloyd
T116,L1545,2024-02-12,63958837,Mrs. Stacy Gardner,Ian Rosales
T117,L078,2024-02-12,8606840,Marilyn Howard,Richard Hall
T118,L1454,2024-02-12,21369093,Jason Freeman,Joy Mcdaniel MD
T119,L1733,2024-02-12,53775192,Tina Trevino,Barbara Davidson
T120,L890,2024-02-12,74727954,Carrie Cole,Brittany Mcdonald
T121,L1936,2024-02-12,1259189,Lonnie Benson,Belinda Rangel
T122,L875,2024-02-12,11872449,Cassandra Shepherd,John Mcconnell
T123,L1100,2024-02-12,67925865,Tyler Williams,Nathan Brooks
T124,L952,2024-02-12,85584830,Colin Miller,Monique Robbins
T125,L091,2024-02-12,66671009,Emily Jones,Lorraine Taylor
T126,L1444,2024-02-12,67351423,Allison Gibson,Amanda Miller
T127,L1512,2024-02-12,5711634,Alicia Beard,Megan White
T128,L1895,2024-02-12,84856154,Jordan Gray,Autumn Camacho
T129,L1378,2024-02-12,27013965,David Hubbard,Jerome Butler
T130,L1563,2024-02-12,46913425,Tamara Willis,Raven Smith
T131,L742,2024-02-12,98747784,Sarah Newton,Catherine Davis
T132,L581,2024-02-12,104160844,Crystal Bolton,Jasmine Hancock
T133,L582,2024-02-12,97404352,Shawn Kane,Jose Allen
T134,L066,2024-02-12,88474694,Judith Chapman,Robin Moore
T135,L1204,2024-02-12,109566494,Jennifer Mercado,Nicholas Johnson
T136,L199,2024-02-12,33628941,Heather Frank,Vanessa Diaz MD
T137,L1479,2024-02-12,32087594,Rebecca Mccann,Mrs. Brandi Cobb
T138,L1107,2024-02-12,6344317,Riley Parker,David Davis
T139,L040,2024-02-12,70082470,Shelia Powell,Stephanie Miller
T140,L1357,2024-02-12,94035069,Ronnie Henry,Kevin Alvarez
T141,L1280,2024-02-12,5482303,Dr. Joshua Case,Brian Campbell
T142,L904,2024-02-12,7127220,Sarah Franco,Alyssa Vasquez
T143,L1149,2024-02-12,76923887,Christina Escobar,Joan Crawford
T144,L1072,2024-02-12,81146016,Nichole Elliott,David Davis
T145,L1305,2024-02-12,108458785,Erica Martin,John Buchanan
T146,L1641,2024-02-12,56111812,Colin Moore,Adam Walker
T147,L583,2024-02-12,106327367,Aaron Davis,Natalie Nelson
T148,L1581,2024-02-12,51302597,Autumn Wilson,Julie Thomas
T149,L1207,2024-02-12,59277614,Robert Crawford,Kimberly Burke
T150,L1984,2024-02-12,42540429,Vincent Goodwin,Andrew Brown
T151,L1446,2024-02-12,29984441,Lisa Olsen,Douglas Phillips
T152,L006,2024-02-12,5228572,Emily Scott,Tamara Arellano
T153,L1027,2024-02-12,59009464,Vincent Logan,Shannon Martinez
T154,L782,2024-02-12,99094867,Katrina Moore,Jennifer Armstrong
T155,L1183,2024-02-12,97190363,William Evans,Debbie Johnson
T156,L229,2024-02-12,76978004,Amanda Burns,Paula Lopez
T157,L114,2024-02-12,51534208,Elizabeth Savage,Steven Griffin
T158,L1889,2024-02-12,24342023,Mark Bush,Ricky Daniels
T159,L851,2024-02-12,13214790,Kimberly Gonzalez,Tabitha Paul
T160,L1888,2024-02-12,54318545,Shannon Jones,Jonathan Bennett
T161,L174,2024-02-12,63318026,Jeffrey Turner,Courtney Porter
T162,L772,2024-02-12,14538081,Andrea Mcbride,Michael Gonzales
T163,L1765,2024-02-12,50887895,Amber Stewart,Julie Olson
T164,L1736,2024-02-12,83516424,Colleen Jones,Lisa Estes
T165,L806,2024-02-12,105600141,Jordan Meyer,Dr. Jacob Williams
T166,L1286,2024-02-12,70297568,Destiny Howard,Eric Garcia
T167,L228,2024-02-12,44687284,Brittany Keller,Matthew King
T168,L1914,2024-02-12,72990955,Jennifer Smith,David Bell
T169,L449,2024-02-12,104617889,Mark Wiggins,Matthew Norton
T170,L740,2024-02-12,46878199,Chase Norton,Eric Owens
T171,L863,2024-02-12,67723348,Shannon Ruiz,Ryan Fuller
T172,L1602,2024-02-12,58945113,Phyllis Perry,Sharon Henderson MD
T173,L1337,2024-02-12,78655456,Amy Cooper,Danielle Contreras
T174,L711,2024-02-12,6822086,Misty Lee,Jonathan Matthews
T175,L078,2024-02-12,104448514,Melinda Robinson,Donna Young
T176,L1905,2024-02-12,90074341,Deborah Vargas,Bryan Herrera
T177,L1046,2024-02-12,57477498,Christian Koch,Susan Hughes
T178,L1934,2024-02-12,107501290,Cindy Powell,Lisa Duarte DDS
T179,L400,2024-02-12,46207048,Anthony Tate,Ashley Rose
T180,L1682,2024-02-12,32119766,Alexandra Ferguson,Margaret Johnson
T181,L1100,2024-02-12,89050686,Mrs. Jennifer Henderson,Terry Paul
T182,L494,2024-02-12,101519668,Nathaniel Oconnor DDS,Madeline Holmes
T183,L1598,2024-02-12,44801442,Erin Hall,Paul King
T184,L1548,2024-02-12,92506579,Heather Dennis,Alexandra Spears
T185,L338,2024-02-12,28196270,Linda Kidd,Traci Riggs
T186,L1344,2024-02-12,10375745,Jeffrey Kramer,John Murphy
T187,L1545,2024-02-12,62403145,Jessica Wiggins,Mark Flores
T188,L1757,2024-02-12,23044141,Timothy Hoffman,Mary Wilkerson
T189,L889,2024-02-12,81275117,Katherine Miller,Joyce Tanner
T190,L1014,2024-02-12,22924890,Tracy Becker,Fernando Ward
T191,L213,2024-02-12,79374720,Roy Cox DDS,Lisa Ho
T192,L1902,2024-02-12,19742087,Amanda Nelson,Phillip Clements
T193,L1597,2024-02-12,79383676,Lisa Lawson,Daniel Riddle
T194,L840,2024-02-12,4741182,Kimberly Raymond,Linda Mccoy
T195,L1401,2024-02-12,80955975,Melissa Garza,Kathryn Morales
T196,L038,2024-02-12,88235989,Glenda Green,Sandra Chase
T197,L1616,2024-02-12,20746392,James Hamilton,Crystal Russell
T198,L1072,2024-02-12,69861442,Nathaniel Robles,Jackie Jefferson
T199,L165,2024-02-12,58260676,Karl Mcdaniel,Tabitha Paul
T200,L072,2024-02-12,30084961,Tiffany Gutierrez,Wendy Scott
T201,L419,2024-02-12,6957596,Tina Kirk,Nicholas Henry
T202,L1618,2024-02-12,93652864,Shawn Mejia,Ian Kane
T203,L1913,2024-02-12,74173695,Darren Carlson,Ethan Higgins
T204,L1333,2024-02-12,77101534,Amanda Johnson,Alexander Crosby
T205,L1884,2024-02-12,61563899,Andrew Bennett,Tammy Miller
T206,L449,2024-02-12,22280358,Maria Nelson,Jennifer Lopez
T207,L1500,2024-02-12,104811747,Roberto Austin,Jacob Brown
T208,L1131,2024-02-12,80083177,Scott Perez,Maria Harding
T209,L1845,2024-02-12,68368485,Kenneth Young,Mark Rubio
T210,L1881,2024-02-12,41734613,Xavier Thompson,Joshua Singh
T211,L173,2024-02-12,63640845,Kelly Snyder,Robert Levy
T212,L1894,2024-02-12,106993768,Holly Dixon,Karen Graham
T213,L762,2024-02-12,104993678,Mary Shannon,Judy Ramirez
T214,L1634,2024-02-12,52527411,Sara Wright,Tony Diaz
T215,L1556,2024-02-12,105014838,Angela Mahoney,Edward Murray
T216,L080,2024-02-12,75907858,Elizabeth Mills,Richard Mitchell
T217,L536,2024-02-12,93522576,Christopher Huff,Cindy Hendrix
T218,L057,2024-02-12,70514631,Tony Roberts,Scott Williams
T219,L425,2024-02-12,5389515,Ryan Nichols,Ronald Mcintosh
T220,L1813,2024-02-12,8505970,Brianna Moss MD,Shannon Martinez
T221,L1333,2024-02-12,38102675,Lori Allen,Adam Bailey
T222,L1286,2024-02-12,49369468,Gregory Lindsey,Rachel Williams
T223,L1103,2024-02-12,86820428,Pamela Dennis MD,Julie Bennett
T224,L1344,2024-02-12,72890979,David Johnson,Edwin Smith
T225,L719,2024-02-12,32455489,Connie Evans,Kimberly Campos
T226,L078,2024-02-12,104974308,Erik Thompson,Kyle Powell
T227,L1677,2024-02-12,71459995,Bryan Sanchez,Gregory White
T228,L721,2024-02-12,11152401,Jordan Miller,Richard Mitchell
T229,L1566,2024-02-12,79588059,Jamie Washington,Tiffany Rivera
T230,L1476,2024-02-12,73687835,Scott Patterson,Eric Garcia
T231,L933,2024-02-12,83454595,John Morgan,Elizabeth Gomez
T232,L1581,2024-02-12,62806025,Shelly George,Alyssa Vasquez
T233,L709,2024-02-12,54989892,Tyler Jackson,Erin Coffey
T234,L710,2024-02-12,99576208,Ian Kennedy,Jonathan Murphy
T235,L1932,2024-02-12,66310304,Deborah Kelly,Dennis Carr
T236,L1284,2024-02-12,43102171,Jonathan Davis,Justin Fisher
T237,L005,2024-02-12,101762338,Michael Gonzalez,Christopher Barrett
T238,L1538,2024-02-12,56051862,John Miller,Regina Medina
T239,L1851,2024-02-12,4939072,Janice Ponce,Joseph Ross
T240,L1319,2024-02-12,61381959,Melissa Johnson,Jonathan Bennett
T241,L1476,2024-02-12,52239882,Gail Cannon,Alison Huang
T242,L054,2024-02-12,71334420,Lindsay Ellis,Joseph Carney
T243,L370,2024-02-12,38332014,Ms. Karla Shields,Olivia Perez
T244,L490,2024-02-12,25912417,Lisa Smith,Donna Mason
T245,L1905,2024-02-12,87262193,Jessica Lewis,Stephen Campbell
T246,L741,2024-02-12,44659550,Amber Kelly,Rachel Bryant
T247,L186,2024-02-12,34223632,Angela Herrera MD,Joseph Ortega
T248,L995,2024-02-12,70529143,Patricia Johnson,George Herrera
T249,L741,2024-02-12,26678913,Dawn Williams,Perry Brown
T250,L1959,2024-02-12,92946883,David Welch,Kristina Blake
T251,L525,2024-02-12,86257480,James Graham,Richard Owens
T252,L1616,2024-02-12,68303510,Joshua Dixon,Derek Thomas
T253,L742,2024-02-12,17684974,Clayton Elliott,Susan Fletcher
T254,L1528,2024-02-12,24292963,Alexander Gonzalez,Sarah Reynolds
T255,L347,2024-02-12,38689233,Nicole Moore,Heather Kent
T256,L1545,2024-02-12,43378000,Kevin Patrick,Jillian Wood
T257,L1525,2024-02-12,42634035,Randy Thompson,Michael Swanson
T258,L463,2024-02-12,108672185,Susan Mccarthy,James Jensen
T259,L1795,2024-02-12,73220335,Kristen Hayes,Kristina Thompson
T260,L1499,2024-02-12,84085167,Charlotte Mann,Rodney Williams
T261,L1027,2024-02-12,21269216,Anthony Bennett III,Brandon Bryant
T262,L1790,2024-02-12,59240122,Melinda Norton,Ashley Dawson
T263,L1573,2024-02-12,41133564,Paul Roman,Audrey Brown
T264,L524,2024-02-12,58995319,Carla Graham,David Bell
T265,L549,2024-02-12,53089862,Phillip Hall,Angela Cole
T266,L1041,2024-02-12,42926790,Angela Gray,Stephen Moore
T267,L249,2024-02-12,91127870,Angela Sullivan,Allen Huff
T268,L1889,2024-02-12,37939449,Miguel Rivera,Jessica Meyer
T269,L1640,2024-02-12,102513850,Paul Davis,Wayne Moore
T270,L1640,2024-02-12,86516534,Angela Shelton,Brett Booth
T271,L055,2024-02-12,102887139,Sarah Freeman,Michael Reed
T272,L1174,2024-02-12,69897057,Thomas Phillips,Wendy Warner
T273,L536,2024-02-12,63912453,Jordan Lawrence,Julie Horn
T274,L929,2024-02-12,100304540,David Parker,Dennis Alvarado
T275,L832,2024-02-12,61742232,George Hensley,April Bass
T276,L456,2024-02-12,84942601,Marie Owens,David Adams
T277,L943,2024-02-12,40970602,Nancy Lozano MD,Lisa Gardner
T278,L1458,2024-02-12,74337613,Angel Erickson,Sylvia Levine
T279,L1292,2024-02-12,6852860,Eric Castillo,Kevin Alvarez
T280,L1753,2024-02-12,17729598,Robert Michael,Brandon Bryant
T281,L1605,2024-02-12,65725553,Barbara Cook,Elizabeth Rollins
T282,L1550,2024-02-12,3468694,Michelle Hunt,Veronica Noble
T283,L891,2024-02-12,91962420,Rebecca Thompson,Michael Cooke
T284,L459,2024-02-12,98219887,Joseph Myers,Anthony Wells
T285,L529,2024-02-12,85056158,David Pierce,Rebecca Warren
T286,L1984,2024-02-12,67026760,Jeffery Garcia,Ryan Harper
T287,L165,2024-02-12,16623961,Tracy Ward,Laura Cardenas
T288,L1914,2024-02-12,103783418,Lisa Nguyen,Dominic Meyer
T289,L1378,2024-02-12,38197536,Isaac Calhoun,Nicole Williams
T290,L467,2024-02-12,20689053,Jonathan Robinson,Rachael Anderson
T291,L460,2024-02-12,63606124,Alicia Adams,Matthew Holt
T292,L1559,2024-02-12,31792345,Richard Cross,Patricia Powell
T293,L1772,2024-02-12,6546207,Curtis Hernandez,Tiffany Rivera
T294,L643,2024-02-12,18272278,William Novak,John Bates
T295,L1739,2024-02-12,42820017,Tiffany Baker,Jonathan Briggs
T296,L1941,2024-02-12,24993534,Renee Walker,Rachel Williams
T297,L995,2024-02-12,107249981,Deborah Brown,John Jacobson
T298,L1554,2024-02-12,59294344,Carmen Young,Jamie Morris
T299,L524,2024-02-12,7524156,Brenda Douglas,Kerry Wood
T300,L489,2024-02-12,88972385,Mrs. Sherry Duran DDS,Melissa Castaneda
T301,L1008,2024-02-12,5196020,Christopher Hodges,Terri Moore
T302,L1304,2024-02-12,48817000,Brian Smith,Diane Fletcher
T303,L572,2024-02-12,19549242,Dawn Casey,Amy Glover
T304,L014,2024-02-12,48581062,Jennifer Powell,Mary Smith
T305,L583,2024-02-12,34530718,Amber Mcguire,Michael Wells
T306,L875,2024-02-12,42392614,Shelly Brewer,Amanda Leonard
T307,L1381,2024-02-12,75502677,Matthew Bailey,Derrick Mahoney
T308,L072,2024-02-12,55754574,Anthony Jones,Sarah Fernandez
T309,L1528,2024-02-12,29800814,Michelle Friedman,Donna Young
T310,L1017,2024-02-12,92458295,Carla Price,Melanie Mills
T311,L1359,2024-02-12,78283870,Heather Sharp,Stephanie Miller
T312,L1453,2024-02-12,15407213,Aaron Wells,Frances Duke
T313,L031,2024-02-12,73233561,David Aguilar,Michael Crane
T314,L1598,2024-02-12,70664830,Charles Jones,William Barton
T315,L1288,2024-02-12,71170706,Nicholas Johnson,Patrick Miller
T316,L1569,2024-02-12,98130615,Tracy White,Maureen Smith
T317,L730,2024-02-12,88357450,Michael Burnett,Albert Anderson
T318,L004,2024-02-12,86089931,Patricia Ferguson,Jeffrey Porter
T319,L987,2024-02-12,95352752,David Garcia,Kristin Shea
T320,L476,2024-02-12,78683281,Catherine Reese,Olivia Raymond
T321,L214,2024-02-12,87260060,Vanessa Moss,Brian Warren
T322,L957,2024-02-12,72165120,Rose Rogers,Zachary Mcdaniel
T323,L305,2024-02-12,56988202,Nicole Humphrey,Kristina Thompson
T324,L463,2024-02-12,9167799,Leslie Savage,James Cooper
T325,L391,2024-02-12,97695044,Melvin Hess,Brittany Watson
T326,L1803,2024-02-12,94668938,Christopher Hall,Mason Lee
T327,L1736,2024-02-12,36431717,Jeff Woods,Mark Cantrell
T328,L653,2024-02-12,61917230,Lisa Rodriguez,Jose Jones II
T329,L1494,2024-02-12,31906533,Brooke Reilly,Jennifer Werner
T330,L1075,2024-02-12,75936208,Oscar Miller,Phillip Flores
T331,L1323,2024-02-12,61340604,Matthew Peters,Andrew Wilcox
T332,L1729,2024-02-12,30192815,Elizabeth Sanders,Lucas Cuevas
T333,L762,2024-02-12,97255996,Michael Weber,Jessica Werner
T334,L1729,2024-02-12,54539315,David Lam,Candace Leon
T335,L208,2024-02-12,64661980,Mr. Mark Warren,Jacob Scott
T336,L457,2024-02-12,53572210,Barbara Rivera,Isaiah Hernandez
T337,L159,2024-02-12,84956293,Taylor Clark,Phillip Cook
T338,L1061,2024-02-12,89777353,Natasha Trujillo,Wanda Gonzalez
T339,L1496,2024-02-12,57376603,Kevin Tran,Jack Yu
T340,L1905,2024-02-12,71578986,Anthony Barnes,Erin Chandler
T341,L1017,2024-02-12,60696274,Karen White,Stephen Long
T342,L459,2024-02-12,23921621,Robert Martin,Juan Walker
T343,L709,2024-02-12,5835570,Nathan Collins,Christine Harris
T344,L1298,2024-02-12,90629568,Kenneth Wallace,Anna Day
T345,L919,2024-02-12,34551844,Joseph Harris,Matthew Martinez
T346,L636,2024-02-12,100082597,Christopher Daniels,Erica Morris
T347,L1598,2024-02-12,3559409,Vincent Franklin,Lisa Prince
T348,L1548,2024-02-12,104583071,Jonathan Hensley,Anthony Rowe
T349,L1356,2024-02-12,60566019,Andrew Ware,Savannah Nichols
T350,L1174,2024-02-12,15097750,Amy Evans,Cynthia Willis
T351,L492,2024-02-12,15649590,Curtis Hoffman,Jack Yu
T352,L1773,2024-02-12,63244289,Robert Wyatt,Brian Burton
T353,L529,2024-02-12,64864736,Terri Adams,Wanda Harrison
T354,L449,2024-02-12,15589187,Kathryn Mitchell,David Garcia
T355,L1634,2024-02-12,102171700,Carolyn Cunningham,Dr. Jacob Williams
T356,L1887,2024-02-12,13472656,Gregory Lucero,Craig Briggs
T357,L1521,2024-02-12,86056354,John Sanders,Victor Watkins
T358,L1057,2024-02-12,103435396,Tabitha Mitchell,Matthew Gray
T359,L1318,2024-02-12,95762196,Barbara Conway,Linda Martin
T360,L1149,2024-02-12,58992910,Olivia Strong,Eric Brooks
T361,L1746,2024-02-12,17210116,Mrs. Kimberly Wright,Brandon Williams
T362,L1999,2024-02-12,33020730,Isaiah Brown,Rebecca Clark
T363,L673,2024-02-12,40378329,Kristine Hill,Amanda Horton
T364,L1605,2024-02-12,36747740,Matthew Brown,William Graham
T365,L1204,2024-02-12,100824558,Heather Reed,Sheila Lindsey
T366,L038,2024-02-12,48025982,Kimberly Anderson,Katherine Graham
T367,L653,2024-02-12,65024248,Hayley Berry,Kristen Lester
T368,L124,2024-02-12,32635537,Danielle Dixon,Kristen Garrison
T369,L1284,2024-02-12,71598088,Danielle Estrada,Cameron Price
T370,L1049,2024-02-12,94215793,Christopher Reeves,Justin Fisher
T371,L302,2024-02-12,103665273,Ethan Reyes,Nicole Sanford
T372,L120,2024-02-12,83252780,Keith Lynch,Matthew Wilson
T373,L214,2024-02-12,36251417,Rebecca Faulkner,Amy Marsh
T374,L199,2024-02-12,103465374,Richard Guerrero,Samuel Collins
T375,L1567,2024-02-12,36977463,Michelle Wilkins,Shane Proctor
T376,L759,2024-02-12,70055661,Richard Chase,Antonio Freeman
T377,L003,2024-02-12,39271736,Richard Miller,Mrs. Jamie Levy
T378,L613,2024-02-12,72755967,Melody Smith,David Sampson
T379,L843,2024-02-12,51485984,Kathryn Ford,Marco Fisher
T380,L1479,2024-02-12,70000657,Kimberly Morales,Sarah Mata
T381,L1415,2024-02-12,16032492,Leslie Miller,Margaret English
T382,L1950,2024-02-12,58188204,Anthony Wilson,Shelly Hurst
T383,L392,2024-02-12,68622873,Derrick Reyes,Travis Williams
T384,L096,2024-02-12,72533184,Dana Reed,Audrey Brown
T385,L350,2024-02-12,95808239,Brian Jackson,Chad Norman
T386,L1359,2024-02-12,35616001,John Norris,Maurice Jimenez
T387,L514,2024-02-12,49853536,Richard Saunders,Jenna Morrison
T388,L305,2024-02-12,11045954,Nicholas Williams,Timothy Hahn
T389,L248,2024-02-12,54244036,Steven Klein,Karen Page
T390,L459,2024-02-12,38404971,David Moyer,Zachary Mcdaniel
T391,L1046,2024-02-12,73736571,Anthony Vincent,Jennifer Phillips
T392,L1409,2024-02-12,22184098,Charles May,Daniel Harvey Jr.
T393,L938,2024-02-12,93095861,Kim Cook,Luis King
T394,L492,2024-02-12,50784187,Jennifer Vasquez,Matthew Taylor
T395,L1448,2024-02-12,40622902,Melissa Leach,Morgan Dawson
T396,L1491,2024-02-12,85661673,Peter Francis,Isaiah Hernandez
T397,L741,2024-02-12,26143154,Anthony Coffey,Robert Rios
T398,L556,2024-02-12,30345506,Victoria Robinson,Traci Riggs
T399,L1131,2024-02-12,9294449,Travis Malone,Samantha Wilson
T400,L1380,2024-02-12,30449082,Lori Mccarthy,John Tanner
T401,L767,2024-02-12,67884908,Jill Thomas,Daniel Obrien
T402,L538,2024-02-12,12588013,Kathryn Richmond,Amber Jackson
T403,L859,2024-02-12,94915244,Molly Nguyen,Tyler Wilson
T404,L1041,2024-02-12,15453076,Richard Hernandez,Robert Luna
T405,L1497,2024-02-12,55460772,Ryan Green,Elizabeth Jordan
T406,L726,2024-02-12,24669679,Alyssa Hernandez,Jill English
T407,L582,2024-02-12,37278028,Bobby Parker,Alejandro Fisher
T408,L750,2024-02-12,22083796,Jacqueline Gonzalez,Ronald Jackson
T409,L1401,2024-02-12,93969616,Vincent Fritz,Allen Cruz
T410,L1816,2024-02-12,70085600,Timothy Jordan,Ashley Hall
T411,L354,2024-02-12,103430979,Charles Kim,Jessica Benson
T412,L093,2024-02-12,28477470,Julia Vega,Mathew Small
T413,L050,2024-02-12,22209603,William Grant,Stacie Kent
T414,L1153,2024-02-12,94290568,Jason Andersen,Barbara Huerta
T415,L1548,2024-02-12,46389740,Valerie Griffin,Larry Williamson
T416,L1621,2024-02-12,38157147,Sean Brown,Benjamin Velasquez
T417,L1041,2024-02-12,24109920,Olivia Harmon,Edward Weeks
T418,L1017,2024-02-12,18065273,Colleen Brown,Alexandra Avery
T419,L827,2024-02-12,74336668,Alexis Gibson,Jeffrey Anderson
T420,L249,2024-02-12,78598290,Jennifer Strickland,Mrs. Jamie Levy
T421,L575,2024-02-12,68250520,Laura Morgan,Janet Zuniga
T422,L1095,2024-02-12,49846541,Brandy Brady,Christopher Travis
T423,L849,2024-02-12,11706513,Amanda Warren,Katie Ho
T424,L173,2024-02-12,71996043,Mr. Dustin Jones,Jennifer Scott
T425,L400,2024-02-12,1805694,Gary Santos,Bobby Reese
T426,L1959,2024-02-12,78861825,Maria Carpenter,William Jacobs
T427,L709,2024-02-12,25154038,Christine Wiggins,Justin Fisher
T428,L1043,2024-02-12,26401103,Andrew Brooks,Ryan Steele
T429,L1597,2024-02-12,29266596,Ashley Johnson,Gary Myers
T430,L058,2024-02-12,41841978,Robert Dixon,Shannon Miller
T431,L1697,2024-02-12,97089887,Michael Hughes,Mikayla Butler
T432,L1772,2024-02-12,47669919,Brandon Hernandez,Robert Huang
T433,L740,2024-02-12,103536870,Judy Sweeney,Carol Maxwell
T434,L1879,2024-02-12,9524887,Lisa Morris,Anthony Ochoa
T435,L013,2024-02-12,62926978,Sara Benton,Cynthia Harris
T436,L1999,2024-02-12,96344753,Kevin Vega,William Benson
T437,L1751,2024-02-12,107672204,Alexander Thornton,Jeremiah Lloyd
T438,L832,2024-02-12,9131721,Carlos Wright,Carlos Banks
T439,L539,2024-02-12,7757570,Gina Dawson,Keith Turner
T440,L495,2024-02-12,87497944,Sheila Mahoney,Donna Bennett MD
T441,L218,2024-02-12,41610248,William Frank,Nathan Oneill
T442,L096,2024-02-12,67095913,Tyler Robles,Ian Wallace
T443,L178,2024-02-12,21659630,Darrell Cannon,Kimberly Lee
T444,L1674,2024-02-12,69614751,Gary Pearson MD,Travis Williams
T445,L561,2024-02-12,27539679,Kayla Fernandez DVM,Gabrielle Tran
T446,L1888,2024-02-12,20491874,Brian Rowe,Haley Dunn
T447,L449,2024-02-12,44109057,Timothy Lamb,Tina Young MD
T448,L338,2024-02-12,10809646,Darren Davis,Sabrina Williamson DVM
T449,L1280,2024-02-12,81903363,Patrick Perry,Eric Cortez
T450,L1098,2024-02-12,82068718,Kimberly Owens,Jose Stephens
T451,L1379,2024-02-12,1209673,Anna Miller,Robert Rios
T452,L937,2024-02-12,66950213,Tina Jennings,Lauren Patel
T453,L1521,2024-02-12,91877757,Catherine Williams,Elizabeth Hoffman
T454,L1399,2024-02-12,26609628,Veronica Barnes,Hannah Robinson
T455,L1278,2024-02-12,61989333,Dorothy Morales,Shari Mccoy
T456,L1502,2024-02-12,53813379,Jacob Simmons,Sara Neal
T457,L1344,2024-02-12,88559597,Ryan Myers,Brian Coleman
T458,L1894,2024-02-12,83418435,Joan Mooney,David Moore
T459,L476,2024-02-12,104378861,Katelyn Young,Jorge Cobb
T460,L440,2024-02-12,13027538,Michael Jackson,Jessica Benson
T461,L450,2024-02-12,5030815,Jason Greene,Heather Grimes
T462,L1153,2024-02-12,107859590,Dr. Kathleen Hoover DVM,Valerie Mueller
T463,L535,2024-02-12,68562628,Christine Rose,Kristen Garrison
T464,L1032,2024-02-12,94089169,Brittany Thompson,Kim Bates
T465,L040,2024-02-12,79039059,Molly Gonzales,Joseph Parker
T466,L1207,2024-02-12,37606193,Michael Rangel,Tracy Cooper
T467,L813,2024-02-12,57005083,Robin Garcia,Sandra Foster
T468,L1538,2024-02-12,65717110,Rebecca Sanchez,Jacob Green
T469,L301,2024-02-12,38887359,Aaron Hogan,Matthew Taylor
T470,L1264,2024-02-12,68426920,Brandon Williams,Matthew Anderson
T471,L209,2024-02-12,29006391,Kimberly Fisher,Amy Wong
T472,L1072,2024-02-12,50358189,Anthony Ward,Patrick Campos
T473,L760,2024-02-12,99284528,Susan Washington,Denise Walker
T474,L038,2024-02-12,72578882,Cindy Morales,Mark Cantrell
T475,L199,2024-02-12,35447016,Patricia Howell,Sheila Torres
T476,L583,2024-02-12,62302304,Sarah Reyes,Robert Martinez
T477,L370,2024-02-12,7654285,Marie Johnson,Bethany Simmons
T478,L072,2024-02-12,61411184,Joy May,Mr. Christopher Leon
T479,L495,2024-02-12,75731884,Timothy Osborne,Mark Franklin
T480,L055,2024-02-12,41454638,Amy Reyes,Matthew Roy
T481,L1008,2024-02-12,72979825,Cheryl Hanson,Elizabeth Hoffman
T482,L750,2024-02-12,23309596,William Morales,Richard Campbell
T483,L1424,2024-02-12,78639494,Leah Clements,Joseph Gilmore
T484,L508,2024-02-12,61078500,Veronica Byrd,Scott Beard
T485,L1817,2024-02-12,32389589,Brenda Perez,April Bass
T486,L490,2024-02-12,16019270,Peter Campbell,Hector Baldwin
T487,L904,2024-02-12,58019235,Dennis King,Cody Velez
T488,L1379,2024-02-12,3776324,Thomas Paul,Amy Roth
T489,L1897,2024-02-12,19033705,Evelyn Romero,Veronica Noble
T490,L1002,2024-02-12,68593803,Richard Washington,Sara Jordan
T491,L653,2024-02-12,25200201,Susan Wilson,Donald Mills
T492,L1153,2024-02-12,76399700,Cathy Malone,Bonnie Alexander
T493,L452,2024-02-12,97850253,Eric Mcknight,Jennifer Mathews
T494,L1497,2024-02-12,105600873,David Joseph,Brandon Jordan
T495,L396,2024-02-12,102110820,Michelle Martinez,Lisa Duarte DDS
T496,L124,2024-02-12,20508162,Sarah Miller,Gregory Mcguire
T497,L1435,2024-02-12,6406834,Tracy Jackson,Sara Gardner
T498,L1556,2024-02-12,57874233,Mrs. Kayla Lloyd,Michael Jones
T499,L074,2024-02-12,76569073,Karen Steele,Pamela Petersen
T500,L362,2024-02-12,28128738,Francisco Carlson,Matthew Bishop
